entry_id,country,institution_current,institution_historical,collection_title_or_search_entry,source_type,source_url,stable_id_pattern,slide_certainty,stated_count,harvestable_item_count,person_or_collection_name,relationship_phrase,date_range,subject_scope,physical_structure,image_level,label_visibility,provenance_value,automation_feasibility,event_side_hooks,exclude_reason,notes
UK-SMG-OBJECTTYPE-MICROSCOPE-SLIDE,UK,Science Museum Group,,object_type microscope slide search,object catalogue,https://collection.sciencemuseumgroup.org.uk/search/objects/object_type/microscope-slide,,confirmed microscope slides,,unknown,,object_type classification,,mixed dates,"instrumental, teaching, medical, natural history",item records,representative/item images,variable,B,paginated HTML,"BNA; RMS/QJMS; Science-Gossip; maker/dealer names",,"Seed target; verify pagination and terms before full harvest."
UK-WELLCOME-TIMOTHY-LEWIS,UK,Wellcome Collection,,Timothy Lewis apparatus and microscope slides,archive description,https://wellcomecollection.org/works/uxbbv7k2,,confirmed microscope slides,,1 described image,Timothy Lewis,belonging to,1958 exhibition photograph,"medical microscopy; apparatus; slides",single archival image,online image,visible in image candidate,B,static HTML,"Wellcome; medical press; colonial medical microscopy",,"Do not convert 'belonging to' into legal ownership without further evidence."
UK-WELLCOME-MICROSCOPE-SLIDES,UK,Wellcome Collection,,microscope slides collection search,object catalogue,https://wellcomecollection.org/search?query=%22microscope%20slides%22,,likely microscope slides,,unknown,,various,,mixed dates,"pathology; medical microscopy; teaching",item/search records,variable,variable,C,paginated HTML,"medical journals; BNA; institutional catalogues",,"Broad search target; requires filtering against photographic and lantern-slide noise."
UK-NHM-LONDON-SLIDES,UK,Natural History Museum London,,microscope slide collections search,object catalogue,https://www.nhm.ac.uk/our-science/collections.html,,likely microscope slides,,unknown,,various,,mixed dates,"natural history; taxonomy; specimen slides",collection catalogue/search,variable,variable,C,manual only,"RMS/QJMS; BNA; named collectors",,"Needs a stable query/API endpoint before automation."
UK-RMS-QUEKETT-HISTORICAL-SLIDES,UK,Royal Microscopical Society / Quekett context,,historical microscope slide collections,archive/finding aid,, ,likely microscope slides,,unknown,,RMS/Quekett-related collectors,"presented to; lent by; mounted by; prepared by",19th century,"club microscopy; exchange; cabinets",cabinet/batch candidate,unknown,unknown,B,manual only,"Quekett Journal; Postal Microscopical Society; Science-Gossip",,"Object-side endpoint not yet fixed; event-side is strong in local backend."
US-OAC-HARTSHORN-BOLLES,US,San Diego Natural History Museum,,Hartshorn-Bolles Microscope Slide Collection,finding aid,https://oac.cdlib.org/findaid/ark:/13030/c8ww7qrr,,confirmed microscope slides,about 2000,selected online items,Hartshorn-Bolles Collection,"assembled by; received by; donated by",19th century to 1963,"teaching; natural history; prepared slides",wooden cabinet; drawers,selected online content,likely label images,A,static HTML,"US newspapers; natural history societies; named collectors",,"Strong first US object-side target; collection-scale evidence more important than single item richness."
US-SMITHSONIAN-MICROSCOPE-SLIDES,US,Smithsonian Institution,,microscope slides search,object catalogue,https://collections.si.edu/search/results.htm?q=%22microscope+slide%22,,likely microscope slides,,unknown,,various,,mixed dates,"medical; natural history; instrument collections",item/search records,variable,variable,C,paginated HTML,"US newspapers; institutional reports; maker names",,"Needs filtering for microscope slide versus photographic slide."
US-HARVARD-MCZ-MICROSCOPE-SLIDES,US,Harvard / MCZ,,microscope slide search,object catalogue,https://mczbase.mcz.harvard.edu,,likely microscope slides,,unknown,,various,,mixed dates,"zoology; teaching; comparative anatomy",database records,variable,variable,B,manual only,"MCZ annual reports; Ward/Harvard names; US press",,"Need a stable MCZbase query before automation; keep separate from Blaschka glass models."
US-CORNELL-TEACHING-SLIDES,US,Cornell University,,microscope slide / teaching slide search,object catalogue,, ,likely microscope slides,,unknown,,various,,mixed dates,"teaching; biology; natural history",database/finding aid candidate,variable,variable,C,manual only,"Cornell reports; local press",,"Candidate only; needs source URL."
