lead_id,historical_date,historical_seed,historical_place,historical_evidence,current_successor,current_successor_evidence,current_blaschka_proof,status,next_action,notes
PL-WARSAW-UNIV-1887,1885-1887,Prof. Ganin / Universität Warschaw,Warsaw,"1885 catalogue-contact lead plus 1887 university transaction in prior ledger audit",University of Warsaw Faculty of Biology Zoological Collections,"current historical teaching collection explicitly traces material to the old Zoological Cabinet; includes didactic models and old labels such as Zoołogiczeskij Kabinet and Zootom Kab.",none recovered,HIGH_PRIORITY_CURRENT_PROOF_OPEN,"Search/inspect 1907 Zootomical Laboratory and Cabinet history; then ask current collection for Blaschka / glass-model inventory or label images","Do not promote to surviving census until one current physical Blaschka model is identified."
DE-HAMBURG-REFORMREALSCHULE-1887,1887,Reform-Realschule Hamburg / M 57.50,Hamburg-Altona,"ledger customer lead",Ernst-Schlee-Gymnasium / successor school history,"historical school succession partly recoverable; later school closed",none recovered,HISTORICAL_SUCCESSOR_OPEN,"Resolve exact school identity from ledger image and trace disposal/transfer of teaching collections","Schools are structurally likely census false negatives but successor closure is essential."
CZ-LITOMERICE-GYMNASIUM-1887,1887,Gymnasium Leitmeritz,Leitmeritz / Litoměřice,"ledger customer lead",unresolved,"successor school/local museum route not yet closed",none recovered,HISTORICAL_SUCCESSOR_OPEN,"Resolve historical gymnasium name and successor; search local school museum / regional museum inventories","
PL-WROCLAW-KWG-1886,1886,König-Wilhelms-Gymnasium Breslau,Breslau / Wrocław,"ledger customer lead",unresolved,"school succession and wartime dispersal not yet reconstructed",none recovered,HISTORICAL_SUCCESSOR_OPEN,"Resolve school successor and surviving teaching collection; check Wrocław university/school museum transfers","
DE-LEIPZIG-SCHOOL-1887,1887,"...schule Leipzig / M 17",Leipzig,"ledger customer lead distinct from university wording",unresolved,"could represent a second educational node in Leipzig",none recovered,HIGH_PRIORITY_IDENTITY_OPEN,"Verify original ledger image before searching successor","Never fold into University of Leipzig merely because the city matches."
UK-BURTON-WASON-1887,1887,M. Wason / Modelle,Burton-on-Trent,"ledger customer/person lead",unresolved,"identity not yet resolved",none recovered,IDENTITY_OPEN,"Resolve M. Wason through directories/societies/schools before successor search","
DE-MUNSTER-KONIG-1885,1885,Prof. König,Münster,"catalogue/customer lead",unresolved,"possible university zoological teaching route",none recovered,IDENTITY_OPEN,"Resolve professor and department then trace collection succession","
IN-JAIPUR-JEYPORE-1886,1886-1887,Jeypore Museum / Hendley,Jaipur,"direct order; 640-Mark model value; Damon mediation; LB 285-286 shipment via Trieste-Bombay; 1895 numbered display",Albert Hall Museum / Government Central Museum,"institutional continuity established",none recovered,DEEP_HISTORY_CLOSED_CURRENT_PROOF_OPEN,"Current object/register search only; do not redo transaction history","Already module 37 in active provenance backend."
IN-KOLKATA-INDIAN-MUSEUM-1883,1878-1894,Indian Museum Calcutta,Kolkata,"catalogue-listed purchaser; 1883 Lieferungs-Buch shipment; Superintendent orders; 1894 glass-model displays",Indian Museum / Zoological Survey of India,"current Invertebrate Gallery continuity established",none recovered,DEEP_HISTORY_CLOSED_CURRENT_PROOF_OPEN,"Find current Blaschka-specific object record or inventory crosswalk","Already module 38 in active provenance backend; current 548-model/exhibit gallery total is not a Blaschka count."
